csv_post_title,csv_post_post,csv_post_type,csv_post_excerpt,csv_post_categories,csv_post_tags,csv_post_date,desc,link,picture
Nature’s Bounty 自然之宝 45+女性复合维生素*90粒 $20.99,,post,Nature’s Bounty 自然之宝 45+女性复合维生素*90粒 $20.99,csvtest,,now,亚马逊Nature’s Bounty 自然之宝 女性复合维生素，专为45岁以上的女性量身定制的膳食补充剂。采用高品质复合营养配方，将多种矿物质、维生素、草本精华、OMEGA等其它营养因子有机地组合在一起。不仅充分考虑到45岁以上女性的生理营养特点，而且其独特的缓释技术，可使营养元素均匀缓慢释放，不易流失，具有更高的利用率。90粒装，现售价$20.99，运费$2.95。[Shop Now],http://www.amazon.com/gp/product/B00CJW77K8/ref=as_li_ss_tl?ie=UTF8&camp=1789&creative=390957&creativeASIN=B00CJW77K8&linkCode=as2&tag=buyusabrand-20,http://ws.assoc-amazon.com/widgets/q?_encoding=UTF8&ASIN=B00CJW77K8&Format=_SL160_&ID=AsinImage&MarketPlace=US&ServiceVersion=20070822&WS=1&tag=buyusabrand-20
Panasonic松下EW3006S手腕式血压计 $41.99免运费,,post,Panasonic松下EW3006S手腕式血压计 $41.99免运费,csvtest,,now,原价$59.99的Panasonic松下EW3006S手腕式血压计 现打折30%仅售$41.99免运费。购买时需点击“Clip This Coupon”才能享受此优惠价格。靠两节7号电池供电，一键式测血压操作。大LCE显示屏方便读取树脂，带有90个记忆数值。同时显示血压和脉搏数值。高血压值闪动显示。[Shop Now],http://www.amazon.com/gp/product/B000NY8IRA/ref=as_li_ss_tl?ie=UTF8&camp=1789&creative=390957&creativeASIN=B000NY8IRA&linkCode=as2&tag=buyusabrand-20,http://ws.assoc-amazon.com/widgets/q?_encoding=UTF8&ASIN=B000NY8IRA&Format=_SL160_&ID=AsinImage&MarketPlace=US&ServiceVersion=20070822&WS=1&tag=buyusabrand-20
Under Armour PTH Victory Large Team 可肩背式手提行李袋 $46.00免运费,,post,Under Armour PTH Victory Large Team 可肩背式手提行李袋 $46.00免运费,csvtest,,now,原价$54.99的Under Armour PTH Victory Large Team 可肩背式手提行李袋 现打折16%仅售$46.00免运费。选择尺寸后方可显示折扣价格。有多个不同色款可供选择，价格有差异。采用聚酯纤维/尼龙材质，尺寸29.5″ x 14″ x 13″。同时适合手提和肩背，给您的旅行带来方便。[Shop Now],http://www.amazon.com/gp/product/B004JRXQ9M/ref=as_li_ss_tl?ie=UTF8&camp=1789&creative=390957&creativeASIN=B004JRXQ9M&linkCode=as2&tag=buyusabrand-20,http://ws.assoc-amazon.com/widgets/q?_encoding=UTF8&ASIN=B004JRXQ9M&Format=_SL160_&ID=AsinImage&MarketPlace=US&ServiceVersion=20070822&WS=1&tag=buyusabrand-20
新低！《死亡空间3》Dead Space 3 $29.99免运费,,post,新低！《死亡空间3》Dead Space 3 $29.99免运费,csvtest,,now,比金盒特价还便宜！！原价$59.99的《死亡空间3》Dead Space 3现打折50%仅售$39.99$29.99免运费。提供PC、Xbox 360以及PS3版。《死亡空间3》为系列游戏《死亡空间》的第三款。该系列擅长以极佳的气氛营造与剧情带给玩家外太空中的深度恐惧。本作将会支援双人合作游戏，玩家将会看到约翰与系列男主角艾萨克于冰冻的星球上并肩作战，并且面对陌生的星球和新种敌人，带来更胜于前作的惊悚体验。[Shop Now],http://www.amazon.com/gp/product/B0050SWVIQ/ref=as_li_ss_tl?ie=UTF8&camp=1789&creative=390957&creativeASIN=B0050SWVIQ&linkCode=as2&tag=buyusabrand-20,http://ws.assoc-amazon.com/widgets/q?_encoding=UTF8&ASIN=B0050SWVIQ&Format=_SL160_&ID=AsinImage&MarketPlace=US&ServiceVersion=20070822&WS=1&tag=buyusabrand-20
亚马逊热销!Cabeau Travel 迷你便携式记忆海绵枕旅行枕 $39.99包邮,,post,亚马逊热销!Cabeau Travel 迷你便携式记忆海绵枕旅行枕 $39.99包邮,csvtest,,now,178个五星满分好评！Cabeau Travel 迷你便携式记忆海绵枕旅行枕，黑色款原价$59.99，特价$39.99(33%off)，包邮。另有其它四种色款可选，除蓝芙蓉款不免运费外，其它均售价$39.99，包邮。Cabeau枕荣获2010、2011年旅行产品大奖，在美国各大小机场，随处可见其身影，是深受喜爱的一款旅行用品。采用舒适记忆棉制作， 两侧加高，不但为颈部提供足够的支持，也易收纳，可缩小到原本1/4体积，大大节省空间，带有收纳袋，方便整理。此外商品另配有隔音耳塞，让旅行更加舒适安逸。[Shop Now],http://www.amazon.com/gp/product/B004ZIDXK2/ref=as_li_ss_tl?ie=UTF8&camp=1789&creative=390957&creativeASIN=B004ZIDXK2&linkCode=as2&tag=buyusabrand-20,http://ws.assoc-amazon.com/widgets/q?_encoding=UTF8&ASIN=B004ZIDXK2&Format=_SL160_&ID=AsinImage&MarketPlace=US&ServiceVersion=20070822&WS=1&tag=buyusabrand-20
Stokke婴儿车收纳旅行套件 $199.99包邮,,post,Stokke婴儿车收纳旅行套件 $199.99包邮,csvtest,,now,带宝宝出游，如何让婴儿车也安全随您一起登机，是个问题。亚马逊Stokke婴儿车收纳旅行套件，可以让婴儿车的托运受到最大的保护，几乎适用于所有品牌的婴儿车，到达目的地后只要简单卷起就能轻易储存。带上宝宝及宝宝的座驾一起出游，从此变得简单。四星半好评！亚马逊现售价$199.99，包邮。特别查了此款，各家竟出奇统一。[Shop Now],http://www.amazon.com/gp/product/B004QXZEKI/ref=as_li_ss_tl?ie=UTF8&camp=1789&creative=390957&creativeASIN=B004QXZEKI&linkCode=as2&tag=buyusabrand-20,http://ws.assoc-amazon.com/widgets/q?_encoding=UTF8&ASIN=B004QXZEKI&Format=_SL160_&ID=AsinImage&MarketPlace=US&ServiceVersion=20070822&WS=1&tag=buyusabrand-20
全球时尚品牌mel Dreamed by melissa 女鞋  $27.00（33%off）包邮,,post,全球时尚品牌mel Dreamed by melissa 女鞋  $27.00（33%off）包邮,csvtest,,now,"mel Dreamed by melissa全球时尚品牌,显示30多年来以其尖端的设计和技术，而且一直走在世界时尚的前端，这一款采用的是聚氯乙烯和橡胶鞋底，舒适大方！官网售价$40.00，黑和白色款现价只需$27.00（33%off），其他三色价格略贵，尺码齐全，夏天穿非常的凉快舒适哦！喜欢就赶紧下单吧！！！[Shop Now]",http://www.amazon.com/gp/product/B009LWTQZI/ref=as_li_ss_tl?ie=UTF8&camp=1789&creative=390957&creativeASIN=B009LWTQZI&linkCode=as2&tag=buyusabrand-20,http://ws.assoc-amazon.com/widgets/q?_encoding=UTF8&ASIN=B009LWTQZI&Format=_SL160_&ID=AsinImage&MarketPlace=US&ServiceVersion=20070822&WS=1&tag=buyusabrand-20
Nature’s Bounty 自然之宝 无味特制大蒜（肠溶型）*3盒 $19.38,,post,Nature’s Bounty 自然之宝 无味特制大蒜（肠溶型）*3盒 $19.38,csvtest,,now,原价$24.93的亚马逊此款Nature’s Bounty 自然之宝 无味特制大蒜（肠溶型）， 60粒/盒，共3盒，现特价$19.38(22%off) + $5.99运费。每1粒含：大蒜精华 1250mg，每日1粒，随餐服用更佳。【产品特点】1.　降低胆固醇及血脂，增强血管弹性及降低血压，减低血小板凝集并能减少心脏病发作；2.　具有强力杀菌作用，尤其适用肺、胃部的感染及微生物感染；3.　能调节血糖，降低糖尿病发作，并减少30%的直肠癌及50%胃癌的发作；4.　与脂肪结合，清肠、去毒、清血液，消除体内杂质；5.　有效去除粉刺，降低感染；6.　适用于发烧、止痛、咳嗽、喉痛及鼻塞等感冒症状。[Shop Now],http://www.amazon.com/gp/product/B001GCU7YA/ref=as_li_ss_tl?ie=UTF8&camp=1789&creative=390957&creativeASIN=B001GCU7YA&linkCode=as2&tag=buyusabrand-20,http://ws.assoc-amazon.com/widgets/q?_encoding=UTF8&ASIN=B001GCU7YA&Format=_SL160_&ID=AsinImage&MarketPlace=US&ServiceVersion=20070822&WS=1&tag=buyusabrand-20
顶级咖啡！夏威夷100％深度烘焙科纳全豆咖啡14盎司 $28.07包邮,,post,顶级咖啡！夏威夷100％深度烘焙科纳全豆咖啡14盎司 $28.07包邮,csvtest,,now,"回国好礼！超赞评价！亚马逊直销夏威夷100％深度烘焙科纳全豆咖啡，采自夏威夷三世经营的Kona咖啡种植庄园。100%纯手工采摘，阳光自然干燥, 小批量精心烘焙。口感优雅、厚重、浓郁、滑顺，具独特果香。深度烘焙让口感更加丰富，稍高的烘焙温度也使咖啡油浮到咖啡豆表面，在烘焙过程中乳化变成深褐色，使咖啡香更浓郁香醇。14盎司装，现仅售$28.07包邮。购买时选择“Subscribe & Save”，可省5%, 货物寄出后建议取消Subscribe and Save服务, 不会产生任何其它费用。Kona(科纳)咖啡产于美国夏威夷最大的岛Kona地区的Hualalai和Mauna Loa两处山地的南坡和北坡，总种植面积为9平方公里。只有这里出产的咖啡，才能被称为Kona咖啡。这里有着世界上最适合咖啡生长的气候和土壤。Kona地区早上艳阳高照，下午阴云密布和下雨，夜晚几乎无风。土壤为富饶肥沃多孔的火山灰，这一切都给咖啡生长提供了得天独厚的条件，优越的自然条件加上人工的精心栽培，使Kona咖啡成为世界顶级的咖啡。因为Kona咖啡的稀缺性, 很多Kona咖啡其实是Kona咖啡和其它咖啡的混合物。美国法律规定纯的Kona咖啡必须标注100%Kona咖啡。[Shop Now]",http://www.amazon.com/gp/product/B0000V8HTU/ref=as_li_ss_tl?ie=UTF8&camp=1789&creative=390957&creativeASIN=B0000V8HTU&linkCode=as2&tag=buyusabrand-20,http://ws.assoc-amazon.com/widgets/q?_encoding=UTF8&ASIN=B0000V8HTU&Format=_SL160_&ID=AsinImage&MarketPlace=US&ServiceVersion=20070822&WS=1&tag=buyusabrand-20
Lenovo Thinkpad Twist S230u 12.5寸 可旋转触屏 Win8 超级本 $739.99免运费,,post,Lenovo Thinkpad Twist S230u 12.5寸 可旋转触屏 Win8 超级本 $739.99免运费,csvtest,,now,Amazon现有特价仅$739.99（原价$899.99）的Lenovo联想 Thinkpad  Twist S230u 12.5寸 可旋转触屏 Win8 超级本，并且免运费。ThinkPad S230u 为用户提供四种使用模式，分别是笔记本电脑模式、平板电脑模式、站立模式、帐篷模式，实现了平板电脑和笔记本的自由切换。外观部分，S230u机身覆盖了摩卡黑色的类肤质磨砂材料；采用12.5英寸的IPS高清显示屏(分辨率1366×768)并有镀铬金属边框，亮度达350尼特，支持多点触控，屏幕可以随意翻转。机身最薄处20毫米，重量1.58千克。配置方面，拥有英特尔最新一代 i5 3317U 处理器，4GB内存，500GB硬盘，7小时续航，2个USB 3.0接口等。[Shop Now],http://www.amazon.com/gp/product/B009TM70IU/ref=as_li_ss_tl?ie=UTF8&camp=1789&creative=390957&creativeASIN=B009TM70IU&linkCode=as2&tag=buyusabrand-20,http://ws.assoc-amazon.com/widgets/q?_encoding=UTF8&ASIN=B009TM70IU&Format=_SL160_&ID=AsinImage&MarketPlace=US&ServiceVersion=20070822&WS=1&tag=buyusabrand-20
Clarisonic 声波洗脸刷娇嫩肌肤版替换刷头(2个装) $20.23,,post,Clarisonic 声波洗脸刷娇嫩肌肤版替换刷头(2个装) $20.23,csvtest,,now,购买了Clarisonic声波洗脸刷的JM们注意了，现在这套洗脸刷替换刷头有新低价啦！两个装娇嫩肌肤Delicate Skin版仅售$20.23，购满$25或亚马逊高级会员免运费。快抢啊！这款适合敏感脆弱的肌肤使用，非常轻柔，不会损伤肌肤。还有普通版、深层清洁版可选择。考虑到卫生安全以及为了达到最好效果，小编建议三个月换一次刷头。没有特价时会卖到$40左右，屯货也是省钱的王道之一！[Shop Now],http://www.amazon.com/gp/product/B004BQA0EU/ref=as_li_ss_tl?ie=UTF8&camp=1789&creative=390957&creativeASIN=B004BQA0EU&linkCode=as2&tag=buyusabrand-20,http://ws.assoc-amazon.com/widgets/q?_encoding=UTF8&ASIN=B004BQA0EU&Format=_SL160_&ID=AsinImage&MarketPlace=US&ServiceVersion=20070822&WS=1&tag=buyusabrand-20
"创新低！古驰 Gucci YA101313 镶钻粉红色女式腕表 $3,527.27",,post,"创新低！古驰 Gucci YA101313 镶钻粉红色女式腕表 $3,527.27",csvtest,,now,"亚马逊官网直销！原价$4,595.00的此款古驰 Gucci YA101313 镶钻石粉红色鳄鱼皮表带女式腕表，现特价$4,168.17(9%off)$3,596.28(22%off)$3,527.27(23%off)，免运费及退运费。创历史新低！Gucci提供两年质保！Gucci古驰—世界上最时尚的品牌之一，意大利最大的时装集团。由古驰奥·古驰在 1921 年于佛罗伦斯创办。古驰产品包括时装、皮具、皮鞋、手表、领带、丝巾、香水、家居用品及宠物用品等，中文译作古琦、古驰。古琦品牌时装一向以高档、豪 华、性感而闻名于世，以“身份与财富之象征”品牌形象成为富有的上流社会的消费宠儿，一向被商界人士垂青，时尚之余不失高雅。亚马逊此款女士奢华腕表，型号：YA101313。采用瑞士制造ETA机芯，带有防反光涂层防刮的蓝宝石水晶表镜，抛光不锈钢表壳，镶54颗钻石，总重0.78克拉，表壳直径：44毫米，粉红色鳄鱼皮表带，针式表扣，粉红色雕纹表盘，防水30米。[Shop Now]",http://www.amazon.com/gp/product/B004X23742/ref=as_li_ss_tl?ie=UTF8&camp=1789&creative=390957&creativeASIN=B004X23742&linkCode=as2&tag=buyusabrand-20,http://ws.assoc-amazon.com/widgets/q?_encoding=UTF8&ASIN=B004X23742&Format=_SL160_&ID=AsinImage&MarketPlace=US&ServiceVersion=20070822&WS=1&tag=buyusabrand-20
再降！Zojirushi日本象印品牌NS-TSC10 5-1/2杯微电脑电饭煲 $144.48免运费,,post,再降！Zojirushi日本象印品牌NS-TSC10 5-1/2杯微电脑电饭煲 $144.48免运费,csvtest,,now,原价$192.00的Zojirushi日本象印品牌NS-TSC10 5-1/2杯微电脑电饭煲 现打折后仅售$$157.96$149.99$144.48免运费。购买时请选择卖家“M.V. Trading Co.”。使用微电脑智能科技，可以自动保温，还可设置为循环加热。带有2个定时延迟煮饭设置。不粘锅内层，便于清洁。[Shop Now],http://www.amazon.com/gp/product/B0074CDG6C/ref=as_li_ss_tl?ie=UTF8&camp=1789&creative=390957&creativeASIN=B0074CDG6C&linkCode=as2&tag=buyusabrand-20,http://ws.assoc-amazon.com/widgets/q?_encoding=UTF8&ASIN=B0074CDG6C&Format=_SL160_&ID=AsinImage&MarketPlace=US&ServiceVersion=20070822&WS=1&tag=buyusabrand-20
大牌潮款！Gucci古驰3503/ S 矩形女款太阳镜 低至$174.44,,post,大牌潮款！Gucci古驰3503/ S 矩形女款太阳镜 低至$174.44,csvtest,,now,原价$275.00的亚马逊此款Gucci古驰3503/ S 矩形女式太阳镜，现黑色框特价低至$174.44(41%off)，包邮及免费退货。市场最低价！有其它色款可选，价格略异。镜腿Gucci标志，制作精美，大镜框面，提供100%UV防护，配有专属镜盒一个。设计时尚大气，明星出街款，优雅时尚，精致高贵。戴上气度就是不凡！意大利进口。Gucci—意大利时装品牌，由古驰奥·古驰在1921年于佛罗伦斯创办。古驰的产 品包括 时装、皮具、皮鞋、手表、领带、丝巾、香水、家居用品及宠物用品等。古琦品牌时装一向以高档、豪华、性感而闻名于世，以“身份与财富之象征”品牌形象成为 富有的上流社会的消费宠儿，一向被商界人士垂青，时尚之余不失高雅。[Shop Now],http://www.amazon.com/gp/product/B005QL4GH6/ref=as_li_ss_tl?ie=UTF8&camp=1789&creative=390957&creativeASIN=B005QL4GH6&linkCode=as2&tag=buyusabrand-20,http://ws.assoc-amazon.com/widgets/q?_encoding=UTF8&ASIN=B005QL4GH6&Format=_SL160_&ID=AsinImage&MarketPlace=US&ServiceVersion=20070822&WS=1&tag=buyusabrand-20
希捷 Seagate 500GB USB 3.0 超薄型便携式移动硬盘 STCD500100 $64.99免运费,,post,希捷 Seagate 500GB USB 3.0 超薄型便携式移动硬盘 STCD500100 $64.99免运费,csvtest,,now,希捷 Seagate 超薄型 500 GB USB 3.0 便携式硬盘 STCD500100 ，原价$99.99，现打折35%仅售$89.99$64.99，免运费。超薄式外形设计，便于携带和使用。USB3.0可以将数据传输速度提高至3倍以上，同时还向下兼容USB 2.0接口的设备。同时适用Windows和MAC操作系统。[Shop Now],http://www.amazon.com/gp/product/B00829THVO/ref=as_li_ss_tl?ie=UTF8&camp=1789&creative=390957&creativeASIN=B00829THVO&linkCode=as2&tag=buyusabrand-20,http://ws.assoc-amazon.com/widgets/q?_encoding=UTF8&ASIN=B00829THVO&Format=_SL160_&ID=AsinImage&MarketPlace=US&ServiceVersion=20070822&WS=1&tag=buyusabrand-20
松下 Panasonic EW-BW30S 手腕式白色血压测量仪 $43.99免运费,,post,松下 Panasonic EW-BW30S 手腕式白色血压测量仪 $43.99免运费,csvtest,,now,手腕式血压计人性化设计，为大家带来了很大方便，就像佩戴手表一样简单。便于携带的小巧尺寸，正确测量，确保正确测量的告知功能，确认血压，确认血压状态时一目了然。管理血压，管理每天的测量值，可以记录270个血压值，每周每月趋势图显示。使用便利，显示数值清晰易读。方便老人自己阅读。时刻关注父母的血压，其实就是关注父母的身体健康。但是很多子女为了工作，不能经常陪在父母身边或者经常带父母到医院测量血压。可以考虑帮父母配个电子血压计，按时检测父母的血压状况，关注父母的健康。关注老年人健康，亚马逊四星好评！这款原价$89.99的Panasonic松下 EW-BW30S 手腕式白色血压测量仪现只要$43.99免运费。购买时需点击“Clip This Coupon”才能享受此优惠价格。[Shop Now],http://www.amazon.com/gp/product/B004ACBSZA/ref=as_li_ss_tl?ie=UTF8&camp=1789&creative=390957&creativeASIN=B004ACBSZA&linkCode=as2&tag=buyusabrand-20,http://ws.assoc-amazon.com/widgets/q?_encoding=UTF8&ASIN=B004ACBSZA&Format=_SL160_&ID=AsinImage&MarketPlace=US&ServiceVersion=20070822&WS=1&tag=buyusabrand-20
史低！Seiko 精工 SNE179光动能男士腕表 特价$78.24,,post,史低！Seiko 精工 SNE179光动能男士腕表 特价$78.24,csvtest,,now,四星好评！原价$175.00的亚马逊直销此款Seiko 精工SNE179光动能男士腕表，现特价$78.24(55%off)，包邮及免费退货。历史最低价！精工三年质保此款精工光动能腕表，型号：SNE179。采用光动能机芯，充满电可使用六个月（对此类价值不是很高的时装表来说，在佩戴周期内基本不用考虑电池问题）。Hardlex矿物质强化水晶表镜，沉静黑色表盘，表径38MM，三点处日期显示，12、24两种标时。不锈钢表带，防水30M。虽标为男士腕表，但MM佩戴也别有韵味。[Shop Now],http://www.amazon.com/gp/product/B00756GXGM/ref=as_li_ss_tl?ie=UTF8&camp=1789&creative=390957&creativeASIN=B00756GXGM&linkCode=as2&tag=buyusabrand-20,http://ws.assoc-amazon.com/widgets/q?_encoding=UTF8&ASIN=B00756GXGM&Format=_SL160_&ID=AsinImage&MarketPlace=US&ServiceVersion=20070822&WS=1&tag=buyusabrand-20
大降！Lenovo IdeaPad U510 15.6英寸i5超级本 $549.99免运费,,post,大降！Lenovo IdeaPad U510 15.6英寸i5超级本 $549.99免运费,csvtest,,now,原价$729.99的Lenovo IdeaPad U510 15.6英寸i5超级本 现打折25%仅售$639.99$549.99免运费。【电脑配置】英特尔酷睿i5-3317U 1.7 GHz处理器，预装Windows 8操作系统，8GB DDR3内存，750GB硬盘+24GB固态硬盘，杜比家庭影院v4 2.0声道立体声音响，集成式720p高清摄像头，英特尔无线显示技术（WiDi技术），带有高速USB 3.0端口，便携超级本，厚度仅0.83英寸，重量仅4.85磅，电池续航6小时。[Shop Now],http://www.amazon.com/gp/product/B00AXVLRD0/ref=as_li_ss_tl?ie=UTF8&camp=1789&creative=390957&creativeASIN=B00AXVLRD0&linkCode=as2&tag=buyusabrand-20,http://ws.assoc-amazon.com/widgets/q?_encoding=UTF8&ASIN=B00AXVLRD0&Format=_SL160_&ID=AsinImage&MarketPlace=US&ServiceVersion=20070822&WS=1&tag=buyusabrand-20
亚马逊热销！Summer Infant宝宝三合一多功能座椅 低至$32.40,,post,亚马逊热销！Summer Infant宝宝三合一多功能座椅 低至$32.40,csvtest,,now,149个五星满分好评！原价$49.99的亚马逊直销此款Summer Infant宝宝三合一多功能座椅，现特价低至$32.40(35%off)，包邮及免费退货。此款座椅第1阶段内泡沫垫子支撑住宝宝，帮助宝宝学会坐立，三点式保证宝宝安全；第2阶段，可装上可360度旋转玩具盘，托盘上有4个玩具供玩耍，包括牙胶、镜子、陀螺、响铃；第3阶段，拆下垫子和玩具，变身成宝宝日常座椅。[Shop Now],http://www.amazon.com/gp/product/B001NJC5QY/ref=as_li_ss_tl?ie=UTF8&camp=1789&creative=390957&creativeASIN=B001NJC5QY&linkCode=as2&tag=buyusabrand-20,http://ws.assoc-amazon.com/widgets/q?_encoding=UTF8&ASIN=B001NJC5QY&Format=_SL160_&ID=AsinImage&MarketPlace=US&ServiceVersion=20070822&WS=1&tag=buyusabrand-20
美丽大方！18k 镀金纯银非洲紫水晶耳环    $31.00（69%off）免运费,,post,美丽大方！18k 镀金纯银非洲紫水晶耳环    $31.00（69%off）免运费,csvtest,,now,这对圈形耳环是环状为18k 镀金纯银，另有六个非洲充满活力的紫水晶宝石风别镶嵌在戒指上，非常优雅，漂亮！原价$99，现价只需$31.00（69%off）免运费！[Shop Now],http://www.amazon.com/gp/product/B001IDZG2U/ref=as_li_ss_tl?ie=UTF8&camp=1789&creative=390957&creativeASIN=B001IDZG2U&linkCode=as2&tag=buyusabrand-20,http://ws.assoc-amazon.com/widgets/q?_encoding=UTF8&ASIN=B001IDZG2U&Format=_SL160_&ID=AsinImage&MarketPlace=US&ServiceVersion=20070822&WS=1&tag=buyusabrand-20
又降！PUR 两段式净水壶可替换滤芯 (4个装) $19.99,,post,又降！PUR 两段式净水壶可替换滤芯 (4个装) $19.99,csvtest,,now,原价$24.99的PUR 两段式净水壶可替换滤芯 (4个装) 现打折20%仅售$19.99。购满$25或亚马逊高级会员免运费。在Amazon已有455个5星满分好评！每个滤芯可过滤40加仑水，可有效减少水中所含的铅和其他杂质、污染物。[Shop Now],http://www.amazon.com/gp/product/B00007E848/ref=as_li_ss_tl?ie=UTF8&camp=1789&creative=390957&creativeASIN=B00007E848&linkCode=as2&tag=buyusabrand-20,http://ws.assoc-amazon.com/widgets/q?_encoding=UTF8&ASIN=B00007E848&Format=_SL160_&ID=AsinImage&MarketPlace=US&ServiceVersion=20070822&WS=1&tag=buyusabrand-20
Sassy数字字母认知玩具*84片 特价$9.48,,post,Sassy数字字母认知玩具*84片 特价$9.48,csvtest,,now,四星好评！原价$12.99的亚马逊直销此款Sassy数字字母认知玩具*84片，现特价$9.48(27%off)，会员或购物满$25免运费。轻质安全泡沫材质，共八十四件套，其中包括大写字母A-Z和数字0-9。此套玩具可以让宝宝幼时就开始熟悉认知字母和数字，并通过父母引导，了解字母和数字的读音，掌握最初最简单的朗读和语言技巧，让洗澡变得更生动有趣。色彩鲜艳的字母和数字非常容易黏在浴缸的表面，可以让宝宝在戏水的同时学习字母和数字。[Shop Now],http://www.amazon.com/gp/product/B001IDYCA2/ref=as_li_ss_tl?ie=UTF8&camp=1789&creative=390957&creativeASIN=B001IDYCA2&linkCode=as2&tag=buyusabrand-20,http://ws.assoc-amazon.com/widgets/q?_encoding=UTF8&ASIN=B001IDYCA2&Format=_SL160_&ID=AsinImage&MarketPlace=US&ServiceVersion=20070822&WS=1&tag=buyusabrand-20
WOHO 美国花旗参 4盎司 $17.99,,post,WOHO 美国花旗参 4盎司 $17.99,csvtest,,now,原价$25.75的WOHO 美国花旗参 4盎司 现打折30%仅售$17.99，运费为$4.95。花旗参功效众多，如消除疲劳、增强记忆力、保护心血管系统、提高免疫力、促进血液活力、治疗糖尿病等。食用方法多样，如熬汤，泡茶，煮粥等。[Shop Now],http://www.amazon.com/gp/product/B0091K7AN0/ref=as_li_ss_tl?ie=UTF8&camp=1789&creative=390957&creativeASIN=B0091K7AN0&linkCode=as2&tag=buyusabrand-20,http://ws.assoc-amazon.com/widgets/q?_encoding=UTF8&ASIN=B0091K7AN0&Format=_SL160_&ID=AsinImage&MarketPlace=US&ServiceVersion=20070822&WS=1&tag=buyusabrand-20
完美肌肤奇迹！Peter Thomas彼得罗夫抗皱紧肤修复精华 30ml   $91.26（36%off）免运费,,post,完美肌肤奇迹！Peter Thomas彼得罗夫抗皱紧肤修复精华 30ml   $91.26（36%off）免运费,csvtest,,now,时光，会在脸上留下岁月的印记，要磨平岁月的痕迹，需要精华液的特别呵护。这款彼得罗夫抗皱紧肤修护精华液即为一款针对面部深层皱纹，表情纹，前额纹等，具有深层抗皱和紧致肌肤功效的精华液。它有可以媲美微整形手术的护肤效果，又比医美中的注射抗皱更有效果。其所含有的23%高浓度胜肽，其中17%活性成分直接作用于皮下组织，通过局部阻断神经传递肌肉收缩讯息，使肌肉放松，以抚平面部皱纹，并减少和预防表情纹的产生；6%活性成分促进肌肤自身胶原蛋白的生成，提升肌肤弹性和强韧度。它的抗氧化效果更是非常好！轻熟龄肌肤现在就可以开始使用啦，精心呵护自己的肌肤，防止提前衰老！Sephora售价$150，现亚马逊售价只需$91.26（36%off）免运费！卖家为亚马逊大卖家Payless Beauty，近8000颗5星好评！质量有保障！[Shop Now],http://www.amazon.com/gp/product/B0079HU4IU/ref=as_li_ss_tl?ie=UTF8&camp=1789&creative=390957&creativeASIN=B0079HU4IU&linkCode=as2&tag=buyusabrand-20,http://ws.assoc-amazon.com/widgets/q?_encoding=UTF8&ASIN=B0079HU4IU&Format=_SL160_&ID=AsinImage&MarketPlace=US&ServiceVersion=20070822&WS=1&tag=buyusabrand-20
Yamaha YHT-597 5.1声道家庭影院音响组合 $399.00免运费,,post,Yamaha YHT-597 5.1声道家庭影院音响组合 $399.00免运费,csvtest,,now,原价$649.95的Yamaha YHT-597 5.1声道家庭影院音响组合 现打折39%仅售$399.00免运费。YHT-597家庭影院音响系统，提供高质量视听家庭盛宴！操作简单，设置YPAO声音优化的自动扬声器，5通道功能强大的环绕声（每通道100W），提供直通下一代超高分辨率的图像4K和ECO模式可降低功耗的尖端技术及iPod和iPhone USB连接端口等。支持苹果的Air play，可以轻松的播放ios设备的音乐。[Shop Now],http://www.amazon.com/gp/product/B007PU2X6C/ref=as_li_ss_tl?ie=UTF8&camp=1789&creative=390957&creativeASIN=B007PU2X6C&linkCode=as2&tag=buyusabrand-20,http://ws.assoc-amazon.com/widgets/q?_encoding=UTF8&ASIN=B007PU2X6C&Format=_SL160_&ID=AsinImage&MarketPlace=US&ServiceVersion=20070822&WS=1&tag=buyusabrand-20
"降价了！BenQ 明基W7000 300英寸3D+1080P投影仪 $1,499.00",,post,"降价了！BenQ 明基W7000 300英寸3D+1080P投影仪 $1,499.00",csvtest,,now,"亚马逊直销此款BenQ 明基W7000 300英寸3D+1080P投影仪，原价$1,999.00，现特价$1,799.00(10%off)$1,499.00(25%off)，包邮。 市场最低价！采用德州仪器DLP数字光学处理投影技术，全高清FULL HD(1920×1080)分辨率，有效亮度提升到2500流明，使用6倍速色轮及动态光圈技术，可提供更加鲜艳的色彩及更为纯净深邃的黑画面，同时镜头支持垂直位移，支持1.5倍变焦，可在3.44米左右的距离才可投射100英寸屏幕，便于家装。双HDMI1.4a接口，拥有ISF调校/镜头位移/Panamorph 镜头兼容等功能。另外，投影仪支持DLP 3D技术，只需要一个3D信号源，例如一张支持3D 输出的显卡，以及一副兼容DLP Link的带有主动式快门的3D眼镜。无需出门，即可欣享到家庭视听盛宴。[Shop Now]",http://www.amazon.com/gp/product/B006HIKIKQ/ref=as_li_ss_tl?ie=UTF8&camp=1789&creative=390957&creativeASIN=B006HIKIKQ&linkCode=as2&tag=buyusabrand-20,http://ws.assoc-amazon.com/widgets/q?_encoding=UTF8&ASIN=B006HIKIKQ&Format=_SL160_&ID=AsinImage&MarketPlace=US&ServiceVersion=20070822&WS=1&tag=buyusabrand-20
这个夏天必须拥有！彼得罗夫Peter Thomas Roth清爽控油防晒霜SPF30 $19.99（23%off）,,post,这个夏天必须拥有！彼得罗夫Peter Thomas Roth清爽控油防晒霜SPF30 $19.99（23%off）,csvtest,,now,彼得罗夫明星产品特价！！小编也在疯狂长草这一只哦！这款清爽控油防晒霜SPF30，质地极致轻薄，极易吸收的无油防晒产品。有效抵御UVA/UVB的同时保护肌肤免受自由基的侵害，并且保湿镇静肌肤。不会增生粉刺；无香精。6个月以上婴儿及成人适用。原价$26，现价只需$19.99（23%off），购物满25免运费！[Shop Now],http://www.amazon.com/gp/product/B00170F6A6/ref=as_li_ss_tl?ie=UTF8&camp=1789&creative=390957&creativeASIN=B00170F6A6&linkCode=as2&tag=buyusabrand-20,http://ws.assoc-amazon.com/widgets/q?_encoding=UTF8&ASIN=B00170F6A6&Format=_SL160_&ID=AsinImage&MarketPlace=US&ServiceVersion=20070822&WS=1&tag=buyusabrand-20
Netgear WNDR3400 N600 双频段无线路由器 $69.50免运费,,post,Netgear WNDR3400 N600 双频段无线路由器 $69.50免运费,csvtest,,now,原价$120.00的Netgear WNDR3400 N600 双频段无线路由器 现打折42%仅售$69.50免运费。NETGEAR N600无线双频路由器在复杂的环境下提供高性能的无线互联网连接，例如流媒体和多人游戏。同时提供两个独立的专用双频无线网络，最大程序保证了性能和灵活性。。Readyshare ™ 易共享 USB 存储 —可外接一个 USB 存储设备实现高速共享访问，同时提供双频无线—使用无线双频，提供两倍的带宽，减少无线干扰。更快的流媒体—通过 Wireless-N 速率和双频性能看流媒体、多人在线游戏和多线程下载。智能 QoS—保证可靠因特网连接，语音，视频和游戏服务应用。Live Parental Controls—保证你的因特网体验安全。拦截不安全的互联网内容和应用，并且可以从任何地方进行管理。保护连接到路由器的设备，例如：PC、游戏机和iPod touch设备。访客网络—提供隔离安全并有访问约束的访客网络供来宾使用。宽带流量统计—监控网络流量和发送定制的报告，以帮助控制成本。便捷安装—Smart Wizard® CD 图形界面引导安装。安全连接—Wi-Fi Protected Setup™（WPS），轻轻一按即可建立高速、安全加密的无线连接。NETGEAR 环保节能—一触式开/关和无线按钮和包装材料至少有80％可再利用。[Shop Now],http://www.amazon.com/gp/product/B0041LYY6K/ref=as_li_ss_tl?ie=UTF8&camp=1789&creative=390957&creativeASIN=B0041LYY6K&linkCode=as2&tag=buyusabrand-20,http://ws.assoc-amazon.com/widgets/q?_encoding=UTF8&ASIN=B0041LYY6K&Format=_SL160_&ID=AsinImage&MarketPlace=US&ServiceVersion=20070822&WS=1&tag=buyusabrand-20
大降必抢！！！好口碑！每30秒售出一瓶！补水专家兰芝(Laneige)夜间修护锁水面膜 $15.99+$5.43运费,,post,大降必抢！！！好口碑！每30秒售出一瓶！补水专家兰芝(Laneige)夜间修护锁水面膜 $15.99+$5.43运费,csvtest,,now,兰芝(Laneige)招牌明星产品夜间修护锁水面膜Water Sleeping Pack EX – 80ml/2.6oz现在仅售$25.90$15.99+$5.43运费运费。获得2011亚洲美容王牌大奖，永不干涸的自信，兰芝品牌最值得拥有的补水产品！国内专柜售价￥230。在睡眠时间集中供给水分，缔造透亮肌肤的睡眠面膜！兰芝最引以为豪的当家明星产品，更适合亚洲人肌肤！*独家专利甜睡配方sleepscent，由香橙花，玫瑰，依兰花，及檀香木等天然草本精华油调配而成，淡淡的天然草本香气有助于放松身心，提升睡眠素质及肌肤吸收力，更有效的吸收补湿亮肤成分，倍增护肤效果。* 亮肤 、保湿、滋养、修复在一夜间同步完成的睡眠面膜。* 爱茉莉太平洋集团专利技术――深层补水系统，通过纳米矿物水和多种微量元素，成功实现3阶段全面且深入的生态水分护理。* 维他命E经由酶分解，更易被皮肤吸收，可以清除皮肤由于紫外线照射和压力所至产生的自由基，有效抗氧化，使皮肤摆脱倦怠暗哑，回复光泽。* BIO HE可以吸收比起自身重量达几百倍的保湿因子，然后在睡眠间连续释放。BIO HE是AMOREPACIFIC皮肤研发中心独家研发的高效保湿成分。[Shop Now],http://www.amazon.com/gp/product/B004KPYWM8/ref=as_li_ss_tl?ie=UTF8&camp=1789&creative=390957&creativeASIN=B004KPYWM8&linkCode=as2&tag=buyusabrand-20,http://ws.assoc-amazon.com/widgets/q?_encoding=UTF8&ASIN=B004KPYWM8&Format=_SL160_&ID=AsinImage&MarketPlace=US&ServiceVersion=20070822&WS=1&tag=buyusabrand-20
Diane Von Furstenberg 24寸拉杆箱 $59.36 (可再8折),,post,Diane Von Furstenberg 24寸拉杆箱 $59.36 (可再8折),csvtest,,now,只剩四个！原价$360的Diane Von Furstenberg 24寸拉杆箱现在打折84%，仅售$59.36免运费。采用51%棉+49%聚酯，带4个滚轮，尺寸为 8″ x 24″ x 16″。如果还没用过服饰订阅8折券的，还可再8折：点击此链接，再点击sign up，选择你想订阅的信息类别；订阅后，邮箱会收到一个20% OFF的折扣码；结账时输入此折扣码即可。[Shop Now],http://www.amazon.com/gp/product/B009GK668K/ref=as_li_ss_tl?ie=UTF8&camp=1789&creative=390957&creativeASIN=B009GK668K&linkCode=as2&tag=buyusabrand-20,http://ws.assoc-amazon.com/widgets/q?_encoding=UTF8&ASIN=B009GK668K&Format=_SL160_&ID=AsinImage&MarketPlace=US&ServiceVersion=20070822&WS=1&tag=buyusabrand-20
Nature’s Bounty自然之宝奶蓟提取物软胶囊 250mg*200粒装 $10.64,,post,Nature’s Bounty自然之宝奶蓟提取物软胶囊 250mg*200粒装 $10.64,csvtest,,now,"五星好评！原价$23.79的亚马逊直销此款Nature’s Bounty自然之宝奶蓟提取物软胶囊，250mg*200粒装，现特价$13.30，包邮。购买时需选择“Subscribe & Save”，以免运费，可省5%, 货物寄出后建议取消Subscribe and Save服务, 不会产生任何其它费用。再激活20% COUPON优惠券，最终只要$10.64。Nature’s Bounty是美国著名营养品企业，也是美国最大的草本和维他命制造商，拥有众多国际知名品牌，深受消费者的尊崇和信赖。Nature’s Bounty自然之宝奶蓟提取物软胶囊来自美国明尼苏达州的明尼阿波利斯及圣保罗农场，百分百纯天然植物提取，每粒中含有250mg的奶蓟精华，可有效保护肝细胞膜，改善肝功能，预防多种肝脏毒物所致的肝损伤。主要用作治疗酒精过量对肝脏的损害及肝脏疾病包括肝硬化、急性肝炎及肝炎、脂肪肝。[Shop Now]",http://www.amazon.com/gp/product/B002Y27K6O/ref=as_li_ss_tl?ie=UTF8&camp=1789&creative=390957&creativeASIN=B002Y27K6O&linkCode=as2&tag=buyusabrand-20,http://ws.assoc-amazon.com/widgets/q?_encoding=UTF8&ASIN=B002Y27K6O&Format=_SL160_&ID=AsinImage&MarketPlace=US&ServiceVersion=20070822&WS=1&tag=buyusabrand-20
大降7刀！Calvin Klein 卡尔文克莱恩男士真丝领带    $27.47 （54%off）,,post,大降7刀！Calvin Klein 卡尔文克莱恩男士真丝领带    $27.47 （54%off）,csvtest,,now,Calvin Klein 卡尔文克莱恩男士真丝领带剪裁突显自然线条，触感柔顺细软，薄但不飘，更显质感。领带选用真丝为面料，采用标志性“CalvinKlein”logo为里料，更显品牌价值。此款领带，可以搭配正装西服，也可以搭配休闲衬衫、牛仔裤、夹克，一领带两用，也体现了CK实用主义。原价$59.50，现价只需$34.97（41%off）$27.47 （54%off），免运费！有多种款式颜色选择！如果还没用过鞋类订阅8折券的，还可再8折：点击此链接，再点击sign up，选择你想订阅的信息类别；订阅后，邮箱会收到一个20% OFF的折扣码；结账时输入此折扣码即可。最终最低只需$22，免运费！[Shop Now],http://www.amazon.com/gp/product/B00A14EFY2/ref=as_li_ss_tl?ie=UTF8&camp=1789&creative=390957&creativeASIN=B00A14EFY2&linkCode=as2&tag=buyusabrand-20,http://ws.assoc-amazon.com/widgets/q?_encoding=UTF8&ASIN=B00A14EFY2&Format=_SL160_&ID=AsinImage&MarketPlace=US&ServiceVersion=20070822&WS=1&tag=buyusabrand-20
Lacoste 鳄鱼牌男士运动休闲鞋     最低$66.44（47%off）免运费,,post,Lacoste 鳄鱼牌男士运动休闲鞋     最低$66.44（47%off）免运费,csvtest,,now,法国鳄鱼(Lacoste) ，得名于法国著名网球选手LACOSTE。服装涵盖了男、女装和童装系列，款款实用而流行。精致的面料，多变的色彩，展现了青春时尚的魅力。这一款高帮时尚大方，平跟橡胶鞋底，非常的舒服而且时尚有型！喜欢就赶紧下单吧！原价$125，现价最低只需$66.44（47%off）免运费，三色可选，淡棕色最便宜~~~如果还没用过鞋类订阅8折券的，还可再8折：点击此链接，再点击sign up，选择你想订阅的信息类别；订阅后，邮箱会收到一个20% OFF的折扣码；结账时输入此折扣码即可。最终最低只需$53.15，免运费！[Shop Now],http://www.amazon.com/gp/product/B006QH8YRW/ref=as_li_ss_tl?ie=UTF8&camp=1789&creative=390957&creativeASIN=B006QH8YRW&linkCode=as2&tag=buyusabrand-20,http://ws.assoc-amazon.com/widgets/q?_encoding=UTF8&ASIN=B006QH8YRW&Format=_SL160_&ID=AsinImage&MarketPlace=US&ServiceVersion=20070822&WS=1&tag=buyusabrand-20
降！Desitin 加强版护臀膏 113克*2支装 特价$7.00,,post,降！Desitin 加强版护臀膏 113克*2支装 特价$7.00,csvtest,,now,"评价超赞！原价$12.14的亚马逊直销此款Desitin 加强版护臀膏，2支装（每支113克）, 现特价$9.48$7.00，会员或购物满$25免运费。此款紫色经典加强版（Desitin Original），独特配方，含40% 氧化锌，比蓝色款（Desitin Creamy)浓度更高，是美国儿科医生第一推荐的配料成分, 含有羊毛脂成分、鳕鱼肝油、天然萃取的维他命A和D，可舒缓皮肤。经过严格儿科医学过敏性测试，对宝宝娇嫩肌肤绝对温和无刺激。Desitin Original 有效防止潮湿产生的细菌，不会像一般的尿疹膏随时间效果越来越小。实验证明，90%的宝宝在用了这款产品后12小时内尿布疹症状有明显改善。一旦宝宝屁屁红了，请每次更换尿布都及时抹上Desitin 防湿疹护臀霜，尤其是宝宝睡前或有可能长时间接触湿尿布的时候。此产品系外用药类，应避免被宝宝误食。[Shop Now]",http://www.amazon.com/gp/product/B003O32P8U/ref=as_li_ss_tl?ie=UTF8&camp=1789&creative=390957&creativeASIN=B003O32P8U&linkCode=as2&tag=buyusabrand-20,http://ws.assoc-amazon.com/widgets/q?_encoding=UTF8&ASIN=B003O32P8U&Format=_SL160_&ID=AsinImage&MarketPlace=US&ServiceVersion=20070822&WS=1&tag=buyusabrand-20
白领必备！玖熙Nine West Ambitious系列女款裸色高跟鞋 $52.51(24%off)（鞋子email订阅还可省）,,post,白领必备！玖熙Nine West Ambitious系列女款裸色高跟鞋 $52.51(24%off)（鞋子email订阅还可省）,csvtest,,now,节省更多！玖熙Nine West Ambitious系列女款裸色高跟鞋只要$52.51(24%off)+免运费+免费退货。（鞋子email订阅还可省）如果首次注册Amazon’s Shoes E-mails获得额外20%off，邮箱会收到一个20％的哭胖code，结帐时输入即可，最终价格$42包邮。还有多种颜色可选，尺码齐全，黑色亮皮价格相同。鞋身采用优质的suede山羊皮，款型时尚，穿着舒适。奢华感的展现独特的女性魅力，大底耐磨且有很好的防滑效果，较为百搭，无论是日常出行或者工作均可穿着，鞋跟高8厘米左右。[Shop Now],http://www.amazon.com/gp/product/B003B3NPZ0/ref=as_li_ss_tl?ie=UTF8&camp=1789&creative=390957&creativeASIN=B003B3NPZ0&linkCode=as2&tag=buyusabrand-20,http://ws.assoc-amazon.com/widgets/q?_encoding=UTF8&ASIN=B003B3NPZ0&Format=_SL160_&ID=AsinImage&MarketPlace=US&ServiceVersion=20070822&WS=1&tag=buyusabrand-20
